"sex";"event";"athlete";"athlete_country";"og_country";"og_city";"year";"month";"day";"performance";"medal";"WR";"OR"
"men";"100 metres";"Thomas Burke";"USA";"greece";"athens";1896;4;10;"12.0";1;0;0
"men";"100 metres";"Fritz Hofmann";"GER";"greece";"athens";1896;4;10;"12.2";2;0;0
"men";"100 metres";"Francis Lane";"USA";"greece";"athens";1896;4;10;"12.6";3;0;0
"men";"100 metres";"Alajos Szokolyi";"HUN";"greece";"athens";1896;4;10;"12.6";3;0;0
"men";"400 metres";"Thomas Burke";"USA";"greece";"athens";1896;4;7;"56.2";1;0;1
"men";"400 metres";"Herbert Jamison";"USA";"greece";"athens";1896;4;7;"58.2";2;0;0
"men";"400 metres";"Charles Gmelin";"GBR";"greece";"athens";1896;4;7;"60.7";3;0;0
"men";"800 metres";"Edwin Flack";"AUS";"greece";"athens";1896;4;9;"2:11.0";1;0;0
"men";"800 metres";"Nándor Dáni";"HUN";"greece";"athens";1896;4;9;"2:11.8";2;0;0
"men";"800 metres";"Dimitrios Golemis";"GRE";"greece";"athens";1896;4;9;"2:28.0";3;0;0
"men";"1500 metres";"Edwin Flack";"AUS";"greece";"athens";1896;4;7;"4:33.2";1;0;1
"men";"1500 metres";"Arthur Blake";"USA";"greece";"athens";1896;4;7;"4:33.6";2;0;0
"men";"1500 metres";"Albin Lermusiaux";"FRA";"greece";"athens";1896;4;7;"4:36.0";3;0;0
"men";"110 metre hurdles";"Thomas Curtis";"USA";"greece";"athens";1896;4;10;"17.6";1;0;1
"men";"110 metre hurdles";"Grantley Goulding";"GBR";"greece";"athens";1896;4;10;"17.6";2;0;0
"men";"Marathon";"Spiridon Louis";"GRE";"greece";"athens";1896;4;10;"2:58:50";1;0;1
"men";"Marathon";"Charilaos Vasilakos";"GRE";"greece";"athens";1896;4;10;"3:06:03";2;0;0
"men";"Marathon";"Gyula Kellner";"HUN";"greece";"athens";1896;4;10;"3:06:35";3;0;0
"men";"High jump";"Ellery Clark";"USA";"greece";"athens";1896;4;10;"21.81";1;0;1
"men";"High jump";"James Connolly";"USA";"greece";"athens";1896;4;10;"1.65";2;0;0
"men";"High jump";"Robert Garrett";"USA";"greece";"athens";1896;4;10;"1.65";2;0;0
"men";"Pole vault";"William Hoyt";"USA";"greece";"athens";1896;4;10;"3.30";1;0;1
"men";"Pole vault";"Albert Tyler";"USA";"greece";"athens";1896;4;10;"3.20";2;0;0
"men";"Pole vault";"Evangelos Damaskos";"GRE";"greece";"athens";1896;4;10;"2.60";3;0;0
"men";"Pole vault";"Ioannis Theodoropoulos";"GRE";"greece";"athens";1896;4;10;"2.60";3;0;0
"men";"Long jump";"Ellery Clark";"USA";"greece";"athens";1896;4;7;"6.35";1;0;1
"men";"Long jump";"Robert Garrett";"USA";"greece";"athens";1896;4;7;"6.00";2;0;0
"men";"Long jump";"James Connolly";"USA";"greece";"athens";1896;4;7;"5.84";3;0;0
"men";"Triple jump";"James Connolly";"USA";"greece";"athens";1896;4;6;"13.71";1;0;1
"men";"Triple jump";"Alexandre Tuffère";"FRA";"greece";"athens";1896;4;6;"12.70";2;0;0
"men";"Triple jump";"Ioannis Persakis";"GRE";"greece";"athens";1896;4;6;"12.52";3;0;0
"men";"Shot put";"Robert Garrett";"USA";"greece";"athens";1896;4;7;"11.22";1;0;1
"men";"Shot put";"Miltiadis Gouskos";"GRE";"greece";"athens";1896;4;7;"11.03";2;0;0
"men";"Shot put";"Georgios Papasideris";"GRE";"greece";"athens";1896;4;7;"10.36";3;0;0
"men";"Discus throw";"Robert Garrett";"USA";"greece";"athens";1896;4;6;"29.15";1;0;1
"men";"Discus throw";"Panagiotis Paraskevopoulos";"GRE";"greece";"athens";1896;4;6;"28.95";2;0;0
"men";"Discus throw";"Sotirios Versis";"GRE";"greece";"athens";1896;4;6;"27.78";3;0;0
"men";"100 metres";"Frank Jarvis";"USA";"france";"paris";1900;7;14;"11.0";1;0;0
"men";"100 metres";"Walter Tewksbury";"USA";"france";"paris";1900;7;14;"11.1";2;0;0
"men";"100 metres";"Stan Rowley";"AUS";"france";"paris";1900;7;14;"11.2";3;0;0
"men";"200 metres";"Walter Tewksbury";"USA";"france";"paris";1900;7;22;"22.2";1;0;1
"men";"200 metres";"Norman Pritchard";"IND";"france";"paris";1900;7;22;"22.8";2;0;0
"men";"200 metres";"Stan Rowley";"AUS";"france";"paris";1900;7;22;"22.9";3;0;0
"men";"400 metres";"Maxie Long";"USA";"france";"paris";1900;7;15;"49.4";1;0;1
"men";"400 metres";"William Holland";"USA";"france";"paris";1900;7;15;"49.6";2;0;0
"men";"400 metres";"Ernst Schultz";"DEN";"france";"paris";1900;7;15;"51.5";2;0;0
"men";"800 metres";"Alfred Tysoe";"GBR";"france";"paris";1900;7;16;"2:01.2";1;0;0
"men";"800 metres";"John Cregan";"USA";"france";"paris";1900;7;16;"2:03.0";2;0;0
"men";"800 metres";"David Hall";"USA";"france";"paris";1900;7;16;"2:03.8";3;0;0
"men";"1500 metres";"Charles Bennett";"GBR";"france";"paris";1900;7;15;"4:06.2";1;1;1
"men";"1500 metres";"Henri Deloge";"FRA";"france";"paris";1900;7;15;"4:06.6";2;0;0
"men";"1500 metres";"John Bray";"USA";"france";"paris";1900;7;15;"4:07.2";3;0;0
"men";"Marathon";"Michel Théato";"FRA";"france";"paris";1900;7;19;"2:59:45";1;0;0
"men";"Marathon";"Émile Champion";"FRA";"france";"paris";1900;7;19;"3:04:17";2;0;0
"men";"Marathon";"Ernst Fast";"SWE";"france";"paris";1900;7;19;"3:37:14";3;0;0
"men";"110 metres hurdles";"Alvin Kraenzlein";"USA";"france";"paris";1900;7;14;"15.4";1;0;1
"men";"110 metres hurdles";"John McLean";"USA";"france";"paris";1900;7;14;"15.5";2;0;0
"men";"110 metres hurdles";"Frederick Moloney";"USA";"france";"paris";1900;7;14;"15.6";3;0;0
"men";"200 metres hurdles";"Alvin Kraenzlein";"USA";"france";"paris";1900;7;16;"25.4";1;0;0
"men";"200 metres hurdles";"Norman Pritchard";"IND";"france";"paris";1900;7;16;"26.0";2;0;0
"men";"200 metres hurdles";"Walter Tewksbury";"USA";"france";"paris";1900;7;16;"26.1";3;0;0
"men";"400 metres hurdles";"Walter Tewksbury";"USA";"france";"paris";1900;7;15;"57.6";1;0;0
"men";"400 metres hurdles";"Henri Tauzin";"FRA";"france";"paris";1900;7;15;"58.3";2;0;0
"men";"400 metres hurdles";"George Orton";"CAN";"france";"paris";1900;7;15;"58.8";3;0;0
"men";"2500 metres steeplechase";"George Orton";"CAN";"france";"paris";1900;7;15;"7:34.4";1;0;0
"men";"2500 metres steeplechase";"Sidney Robinson";"GBR";"france";"paris";1900;7;15;"7:38.0";2;0;0
"men";"2500 metres steeplechase";"Jacques Chastanié";"FRA";"france";"paris";1900;7;15;"7:52.4";3;0;0
"men";"4000 metres steeplechase";"John Rimmer";"GBR";"france";"paris";1900;7;16;"12:58.4";1;0;0
"men";"4000 metres steeplechase";"Charles Bennett";"GBR";"france";"paris";1900;7;16;"12:58.6";2;0;0
"men";"4000 metres steeplechase";"Sidney Robinson";"GBR";"france";"paris";1900;7;16;"12:58.8";3;0;0
"men";"High jump";"Irving Baxter";"USA";"france";"paris";1900;7;15;"1.90";1;0;1
"men";"High jump";"Patrick Leahy";"GBR";"france";"paris";1900;7;15;"1.78";2;0;0
"men";"High jump";"Lajos Gönczy";"HUN";"france";"paris";1900;7;15;"1.75";3;0;0
"men";"Pole vault";"Irving Baxter";"USA";"france";"paris";1900;7;15;"3.30";1;0;1
"men";"Pole vault";"Meredith Colket";"USA";"france";"paris";1900;7;15;"3.25";2;0;0
"men";"Pole vault";"Carl Albert Andersen";"NOR";"france";"paris";1900;7;15;"3.20";3;0;0
"men";"Long jump";"Alvin Kraenzlein";"USA";"france";"paris";1900;7;15;"7.185";1;0;1
"men";"Long jump";"Myer Prinstein";"USA";"france";"paris";1900;7;15;"7.175";2;0;0
"men";"Long jump";"Patrick Leahy";"GBR";"france";"paris";1900;7;15;"6.950";3;0;0
"men";"Triple jump";"Myer Prinstein";"USA";"france";"paris";1900;7;16;"14.47";1;0;1
"men";"Triple jump";"James Connolly";"USA";"france";"paris";1900;7;16;"13.97";2;0;0
"men";"Triple jump";"Lewis Sheldon";"USA";"france";"paris";1900;7;16;"13.64";3;0;0
"men";"Shot put";"Richard Sheldon";"USA";"france";"paris";1900;7;15;"14.10";1;0;1
"men";"Shot put";"Josiah McCracken";"USA";"france";"paris";1900;7;15;"12.85";2;0;0
"men";"Shot put";"Robert Garrett";"USA";"france";"paris";1900;7;15;"12.37";3;0;0
"men";"Discus throw";"Rudolf Bauer";"HUN";"france";"paris";1900;7;15;"36.04";1;0;1
"men";"Discus throw";"František JandaSuk";"BOH";"france";"paris";1900;7;15;"35.14";2;0;0
"men";"Discus throw";"Richard Sheldon";"USA";"france";"paris";1900;7;15;"34.60";3;0;0
"men";"Hammer throw";"John Flanagan";"USA";"france";"paris";1900;7;16;"51.01";1;0;1
"men";"Hammer throw";"Truxtun Hare";"USA";"france";"paris";1900;7;16;"46.26";2;0;0
"men";"Hammer throw";"Josiah McCracken";"USA";"france";"paris";1900;7;16;"43.58";3;0;0
"men";"100 metres";"Archie Hahn";"USA";"united states";"st louis";1904;9;3;"11.0";1;0;0
"men";"100 metres";"Nathaniel Cartmell";"USA";"united states";"st louis";1904;9;3;"11.2";2;0;0
"men";"100 metres";"William Hogenson";"USA";"united states";"st louis";1904;9;3;"11.2";3;0;0
"men";"200 metres";"Archie Hahn";"USA";"united states";"st louis";1904;8;31;"21.6";1;0;1
"men";"200 metres";"Nathaniel Cartmell";"USA";"united states";"st louis";1904;8;31;"21.9";2;0;0
"men";"200 metres";"William Hogenson";"USA";"united states";"st louis";1904;8;31;"22.2";3;0;0
"men";"400 metres";"Harry Hillman";"USA";"united states";"st louis";1904;8;29;"49.2";1;0;1
"men";"400 metres";"Frank Waller";"USA";"united states";"st louis";1904;8;29;"49.9";2;0;0
"men";"400 metres";"Herman Groman";"USA";"united states";"st louis";1904;8;29;"50.0";3;0;0
"men";"800 metres";"James Lightbody";"USA";"united states";"st louis";1904;9;1;"1:56.0";1;0;1
"men";"800 metres";"Howard Valentine";"USA";"united states";"st louis";1904;9;1;"1:56.3";2;0;0
"men";"800 metres";"Emil Breitkreutz";"USA";"united states";"st louis";1904;9;1;"1:56.4";3;0;0
"men";"1500 metres";"James Lightbody";"USA";"united states";"st louis";1904;9;3;"4:05.4";1;1;1
"men";"1500 metres";"Frank Verner";"USA";"united states";"st louis";1904;9;3;"4:06.8";2;0;0
"men";"1500 metres";"Lacey Hearn";"USA";"united states";"st louis";1904;9;3;"4.08";3;0;0
"men";"Marathon";"Thomas Hicks";"USA";"united states";"st louis";1904;8;30;"3:28:53";1;0;0
"men";"Marathon";"Albert Corey";"FRA";"united states";"st louis";1904;8;30;"3:34:52";2;0;0
"men";"Marathon";"Arthur L. Newton";"USA";"united states";"st louis";1904;8;30;"3:47:33";3;0;0
"men";"110 metres hurdles";"Fred Schule";"USA";"united states";"st louis";1904;9;3;"16.0";1;0;0
"men";"110 metres hurdles";"Thaddeus Shideler";"USA";"united states";"st louis";1904;9;3;"16.3";2;0;0
"men";"110 metres hurdles";"Lesley Ashburner";"USA";"united states";"st louis";1904;9;3;"16.4";3;0;0
"men";"200 metres hurdles";"Harry Hillman";"USA";"united states";"st louis";1904;9;1;"24.6";1;0;0
"men";"200 metres hurdles";"Frank Castleman";"USA";"united states";"st louis";1904;9;1;"24.9";2;0;0
"men";"200 metres hurdles";"George Poage";"USA";"united states";"st louis";1904;9;1;"25.1";3;0;0
"men";"400 metres hurdles";"Harry Hillman";"USA";"united states";"st louis";1904;8;31;"53.0";1;0;1
"men";"400 metres hurdles";"Frank Waller";"USA";"united states";"st louis";1904;8;31;"53.2";2;0;0
"men";"400 metres hurdles";"George Poage";"USA";"united states";"st louis";1904;8;31;"56.8";3;0;0
"men";"Long jump";"Myer Prinstein";"USA";"united states";"st louis";1904;9;1;"7.34";1;0;1
"men";"Long jump";"Daniel Frank";"USA";"united states";"st louis";1904;9;1;"6.89";2;0;0
"men";"Long jump";"Robert Stangland";"USA";"united states";"st louis";1904;9;1;"6.88";3;0;0
"men";"Triple jump";"Myer Prinstein";"USA";"united states";"st louis";1904;9;1;"14.32";1;0;0
"men";"Triple jump";"Fred Englehardt";"USA";"united states";"st louis";1904;9;1;"13.90";2;0;0
"men";"Triple jump";"Robert Stangland";"USA";"united states";"st louis";1904;9;1;"13.36";3;0;0
"men";"High jump";"Samuel Jones";"USA";"united states";"st louis";1904;8;29;"1.80";1;0;0
"men";"High jump";"Garrett Serviss";"USA";"united states";"st louis";1904;8;29;"1.77";2;0;0
"men";"High jump";"Paul Weinstein";"GER";"united states";"st louis";1904;8;29;"1.77";3;0;0
"men";"Pole vault";"Charles Dvorak";"USA";"united states";"st louis";1904;9;3;"3.50";1;0;1
"men";"Pole vault";"LeRoy Samse";"USA";"united states";"st louis";1904;9;3;"3.35";2;0;0
"men";"Pole vault";"Louis Wilkins";"USA";"united states";"st louis";1904;9;3;"3.35";3;0;0
"men";"Shot put";"Ralph Rose";"USA";"united states";"st louis";1904;8;31;"14.81";1;1;1
"men";"Shot put";"Wesley Coe";"USA";"united states";"st louis";1904;8;31;"14.40";2;0;0
"men";"Shot put";"Lawrence Feuerbach";"USA";"united states";"st louis";1904;8;31;"13.37";3;0;0
"men";"Discus throw";"Martin Sheridan";"USA";"united states";"st louis";1904;9;3;"39.28";1;0;1
"men";"Discus throw";"Ralph Rose";"USA";"united states";"st louis";1904;9;3;"39.28";2;0;1
"men";"Discus throw";"Nicolaos Georgandas";"GRE";"united states";"st louis";1904;9;3;"37.68";3;0;0
"men";"Hammer throw";"John Flanagan";"USA";"united states";"st louis";1904;8;29;"51.23";1;0;1
"men";"Hammer throw";"John DeWitt";"USA";"united states";"st louis";1904;8;29;"50.26";2;0;0
"men";"Hammer throw";"Ralph Rose";"USA";"united states";"st louis";1904;8;29;"45.73";3;0;0
"men";"100 metres";"Reggie Walker";"RSA";"england";"london";1908;7;22;"10.8";1;0;1
"men";"100 metres";"James Rector";"USA";"england";"london";1908;7;22;"10.9";2;0;0
"men";"100 metres";"Robert Kerr";"CAN";"england";"london";1908;7;22;"11.0";3;0;0
"men";"200 metres";"Robert Kerr";"CAN";"england";"london";1908;7;23;"22.6";1;0;0
"men";"200 metres";"Robert Cloughen";"USA";"england";"london";1908;7;23;"22.6";2;0;0
"men";"200 metres";"Nathaniel Cartmell";"USA";"england";"london";1908;7;23;"22.7";3;0;0
"men";"400 metres";"Wyndham Halswelle";"GBR";"england";"london";1908;7;25;"50.0";1;0;0
"men";"800 metres";"Mel Sheppard";"USA";"england";"london";1908;7;21;"1:52.8";1;1;1
"men";"800 metres";"Emilio Lunghi";"ITA";"england";"london";1908;7;21;"1:54.2";2;0;0
"men";"800 metres";"Hanns Braun";"GER";"england";"london";1908;7;21;"1:55.2";3;0;0
"men";"1500 metres";"Mel Sheppard";"USA";"england";"london";1908;7;14;"4:03.4";1;0;1
"men";"1500 metres";"Harold A. Wilson";"GBR";"england";"london";1908;7;14;"4:03.6";2;0;0
"men";"1500 metres";"Norman Hallows";"GBR";"england";"london";1908;7;14;"4:04.0";3;0;0
"men";"Marathon";"Johnny Hayes";"USA";"england";"london";1908;7;24;"2:55:18.4";1;1;1
"men";"Marathon";"Charles Hefferon";"RSA";"england";"london";1908;7;24;"2:56:06.0";2;0;0
"men";"Marathon";"Joseph Forshaw";"USA";"england";"london";1908;7;24;"2:57:10.4";3;0;0
"men";"110 metres hurdles";"Forrest Smithson";"USA";"england";"london";1908;7;25;"15.0";1;1;1
"men";"110 metres hurdles";"John Garrels";"USA";"england";"london";1908;7;25;"15.7";2;0;0
"men";"110 metres hurdles";"Arthur Shaw";"USA";"england";"london";1908;7;25;"15.8";3;0;0
"men";"400 metres hurdles";"Charles Bacon";"USA";"england";"london";1908;7;22;"55.0";1;1;1
"men";"400 metres hurdles";"Harry Hillman";"USA";"england";"london";1908;7;22;"55.3";2;0;0
"men";"400 metres hurdles";"Jimmy Tremeer";"GBR";"england";"london";1908;7;22;"57.0";3;0;0
"men";"Long jump";"Frank Irons";"USA";"england";"london";1908;7;22;"7.48";1;0;1
"men";"Long jump";"Daniel Kelly";"USA";"england";"london";1908;7;22;"7.09";2;0;0
"men";"Long jump";"Calvin Bricker";"CAN";"england";"london";1908;7;22;"7.08";3;0;0
"men";"Triple jump";"Tim Ahearne";"GBR";"england";"london";1908;7;25;"14.92";1;0;1
"men";"Triple jump";"Garfield MacDonald";"CAN";"england";"london";1908;7;25;"14.76";2;0;0
"men";"Triple jump";"Edvard Larsen";"NOR";"england";"london";1908;7;25;"14.39";3;0;0
"men";"High jump";"Harry Porter";"USA";"england";"london";1908;7;21;"1.90";1;0;1
"men";"High jump";"Géo André";"FRA";"england";"london";1908;7;21;"1.88";2;0;0
"men";"High jump";"Con Leahy";"GBR";"england";"london";1908;7;21;"1.88";2;0;0
"men";"High jump";"István Somodi";"HUN";"england";"london";1908;7;21;"1.88";2;0;0
"men";"Pole vault";"Edward Cook";"USA";"england";"london";1908;7;24;"3.71";1;0;1
"men";"Pole vault";"Alfred Carlton Gilbert";"USA";"england";"london";1908;7;24;"3.71";1;0;1
"men";"Pole vault";"Edward Archibald";"CAN";"england";"london";1908;7;24;"3.58";3;0;0
"men";"Pole vault";"Clare Jacobs";"USA";"england";"london";1908;7;24;"3.58";3;0;0
"men";"Pole vault";"Bruno Söderström";"SWE";"england";"london";1908;7;24;"3.58";3;0;0
"men";"Shot put";"Ralph Rose";"USA";"england";"london";1908;7;16;"14.21";1;0;0
"men";"Shot put";"Denis Horgan";"GBR";"england";"london";1908;7;16;"13.62";2;0;0
"men";"Shot put";"John Garrels";"USA";"england";"london";1908;7;16;"13.18";3;0;0
"men";"Discus throw";"Martin Sheridan";"USA";"england";"london";1908;7;16;"40.89";1;0;1
"men";"Discus throw";"Merritt Giffin";"USA";"england";"london";1908;7;16;"40.70";2;0;0
"men";"Discus throw";"Bill Horr";"USA";"england";"london";1908;7;16;"39.45";3;0;0
"men";"Hammer throw";"John Flanagan";"USA";"england";"london";1908;7;14;"51.92";1;0;1
"men";"Hammer throw";"Matt McGrath";"USA";"england";"london";1908;7;14;"51.18";2;0;0
"men";"Hammer throw";"Con Walsh";"CAN";"england";"london";1908;7;14;"48.51";3;0;0
"men";"Javelin throw";"Eric Lemming";"SWE";"england";"london";1908;7;17;"54.83";1;1;1
"men";"Javelin throw";"Arne Halse";"NOR";"england";"london";1908;7;17;"50.57";2;0;0
"men";"Javelin throw";"Otto Nilsson";"SWE";"england";"london";1908;7;17;"47.11";3;0;0
"men";"100 metres";"Ralph Craig";"USA";"suede";"stockholm";1912;7;7;"10.8";1;0;0
"men";"100 metres";"Alvah Meyer";"USA";"suede";"stockholm";1912;7;7;"10.9";2;0;0
"men";"100 metres";"Donald Lippincott";"USA";"suede";"stockholm";1912;7;7;"10.9";3;0;0
"men";"200 metres";"Ralph Craig";"USA";"suede";"stockholm";1912;7;11;"21.7";1;0;0
"men";"200 metres";"Donald Lippincott";"USA";"suede";"stockholm";1912;7;11;"21.8";2;0;0
"men";"200 metres";"Willie Applegarth";"GBR";"suede";"stockholm";1912;7;11;"22.0";3;0;0
"men";"400 metres";"Charles Reidpath";"USA";"suede";"stockholm";1912;7;13;"48.2";1;1;1
"men";"400 metres";"Hanns Braun";"GER";"suede";"stockholm";1912;7;13;"48.3";2;0;0
"men";"400 metres";"Edward Lindberg";"USA";"suede";"stockholm";1912;7;13;"48.4";3;0;0
"men";"800 metres";"Ted Meredith";"USA";"suede";"stockholm";1912;7;8;"1:51.9";1;1;1
"men";"800 metres";"Mel Sheppard";"USA";"suede";"stockholm";1912;7;8;"1:52.0";2;0;0
"men";"800 metres";"Ira Davenport";"USA";"suede";"stockholm";1912;7;8;"1:52.0";3;0;0
"men";"1500 metres";"Arnold Jackson";"GBR";"suede";"stockholm";1912;7;10;"3:56.8";1;0;1
"men";"1500 metres";"Abel Kiviat";"USA";"suede";"stockholm";1912;7;10;"3:56.9";2;0;0
"men";"1500 metres";"Norman Taber";"USA";"suede";"stockholm";1912;7;10;"3:56.9";3;0;0
"men";"5000 metres";"Hannes Kolehmainen";"FIN";"suede";"stockholm";1912;7;10;"14:36.6";1;1;1
"men";"5000 metres";"Jean Bouin";"FRA";"suede";"stockholm";1912;7;10;"14:36.7";2;0;0
"men";"5000 metres";"George Hutson";"GBR";"suede";"stockholm";1912;7;10;"15:07.6";3;0;0
"men";"10,000 metres";"Hannes Kolehmainen";"FIN";"suede";"stockholm";1912;7;8;"31:20.8";1;0;1
"men";"10,000 metres";"Lewis Tewanima";"USA";"suede";"stockholm";1912;7;8;"32:06.6";2;0;0
"men";"10,000 metres";"Albin Stenroos";"FIN";"suede";"stockholm";1912;7;8;"32:21.8";3;0;0
"men";"110 metres hurdles";"Fred Kelly";"USA";"suede";"stockholm";1912;7;12;"15.1";1;0;0
"men";"110 metres hurdles";"James Wendell";"USA";"suede";"stockholm";1912;7;12;"15.2";2;0;0
"men";"110 metres hurdles";"Martin Hawkins";"USA";"suede";"stockholm";1912;7;12;"15.3";3;0;0
"men";"Marathon";"Ken McArthur";"RSA";"suede";"stockholm";1912;7;14;"2:36:54.8";1;0;1
"men";"Marathon";"Christian Gitsham";"RSA";"suede";"stockholm";1912;7;14;"2:37:52.0";2;0;0
"men";"Marathon";"Gaston Strobino";"USA";"suede";"stockholm";1912;7;14;"2:38:42.4";3;0;0
"men";"10 kilometres walk";"George Goulding";"CAN";"suede";"stockholm";1912;7;11;"46:28.4";1;0;0
"men";"10 kilometres walk";"Ernest Webb";"GBR";"suede";"stockholm";1912;7;11;"46:50.4";2;0;0
"men";"10 kilometres walk";"Fernando Altimani";"ITA";"suede";"stockholm";1912;7;11;"47:37.6";3;0;0
"men";"Long jump";"Albert Gutterson";"USA";"suede";"stockholm";1912;7;12;"7.60";1;0;1
"men";"Long jump";"Calvin Bricker";"CAN";"suede";"stockholm";1912;7;12;"7.21";2;0;0
"men";"Long jump";"Georg Åberg";"SWE";"suede";"stockholm";1912;7;12;"7.18";3;0;0
"men";"Triple jump";"Gustaf Lindblom";"SWE";"suede";"stockholm";1912;7;15;"14.76";1;0;0
"men";"Triple jump";"Georg Åberg";"SWE";"suede";"stockholm";1912;7;15;"14.51";2;0;0
"men";"Triple jump";"Erik Almlöf";"SWE";"suede";"stockholm";1912;7;15;"14.17";3;0;0
"men";"High jump";"Alma Richards";"USA";"suede";"stockholm";1912;7;8;"1.93";1;0;1
"men";"High jump";"Hans Liesche";"GER";"suede";"stockholm";1912;7;8;"1.91";2;0;0
"men";"High jump";"George Horine";"USA";"suede";"stockholm";1912;7;8;"1.89";3;0;0
"men";"Pole vault";"Harry Babcock";"USA";"suede";"stockholm";1912;7;11;"3.95";1;0;1
"men";"Pole vault";"Frank Nelson";"USA";"suede";"stockholm";1912;7;11;"3.85";2;0;0
"men";"Pole vault";"Marc Wright";"USA";"suede";"stockholm";1912;7;11;"3.85";2;0;0
"men";"Pole vault";"William Halpenny";"CAN";"suede";"stockholm";1912;7;11;"3.80";3;0;0
"men";"Pole vault";"Frank Murphy";"USA";"suede";"stockholm";1912;7;11;"3.80";3;0;0
"men";"Pole vault";"Bertil Uggla";"SWE";"suede";"stockholm";1912;7;11;"3.80";3;0;0
"men";"Shot put";"Pat McDonald";"USA";"suede";"stockholm";1912;7;10;"15.34";1;0;1
"men";"Shot put";"Ralph Rose";"USA";"suede";"stockholm";1912;7;10;"15.25";2;0;0
"men";"Shot put";"Lawrence Whitney";"USA";"suede";"stockholm";1912;7;10;"13.93";3;0;0
"men";"Discus throw";"Armas Taipale";"FIN";"suede";"stockholm";1912;7;12;"45.21";1;0;1
"men";"Discus throw";"Richard Byrd";"USA";"suede";"stockholm";1912;7;12;"42.32";2;0;0
"men";"Discus throw";"James Duncan";"USA";"suede";"stockholm";1912;7;12;"42.28";3;0;0
"men";"Hammer throw";"Matt McGrath";"USA";"suede";"stockholm";1912;7;14;"54.74";1;0;1
"men";"Hammer throw";"Duncan Gillis";"CAN";"suede";"stockholm";1912;7;14;"48.39";2;0;0
"men";"Hammer throw";"Clarence Childs";"USA";"suede";"stockholm";1912;7;14;"48.17";3;0;0
"men";"Javelin throw";"Eric Lemming";"SWE";"suede";"stockholm";1912;7;6;"60.64";1;0;1
"men";"Javelin throw";"Julius Saaristo";"FIN";"suede";"stockholm";1912;7;6;"58.66";2;0;0
"men";"Javelin throw";"Mór Kóczán";"HUN";"suede";"stockholm";1912;7;6;"55.50";3;0;0
"men";"100 metres";"Charles Paddock";"USA";"belgium";"antwerp";1920;8;16;"10.8";1;0;0
"men";"100 metres";"Morris Kirksey";"USA";"belgium";"antwerp";1920;8;16;"10.9";2;0;0
"men";"100 metres";"Harry Edward";"GBR";"belgium";"antwerp";1920;8;16;"10.9";3;0;0
"men";"200 metres";"Allen Woodring";"USA";"belgium";"antwerp";1920;8;20;"22.0";1;0;0
"men";"200 metres";"Charles Paddock";"USA";"belgium";"antwerp";1920;8;20;"22.0";2;0;0
"men";"200 metres";"Harry Edward";"GBR";"belgium";"antwerp";1920;8;20;"22.2";3;0;0
"men";"400 metres";"Bevil Rudd";"RSA";"belgium";"antwerp";1920;8;20;"49.6";1;0;0
"men";"400 metres";"Guy Butler";"GBR";"belgium";"antwerp";1920;8;20;"50.1";2;0;0
"men";"400 metres";"Nils Engdahl";"SWE";"belgium";"antwerp";1920;8;20;"50.2";3;0;0
"men";"800 metres";"Albert Hill";"GBR";"belgium";"antwerp";1920;8;17;"1:53.4";1;0;0
"men";"800 metres";"Earl Eby";"USA";"belgium";"antwerp";1920;8;17;"1:53.6";2;0;0
"men";"800 metres";"Bevil Rudd";"RSA";"belgium";"antwerp";1920;8;17;"1:53.6";3;0;0
"men";"1500 metres";"Albert Hill";"GBR";"belgium";"antwerp";1920;8;19;"4:01.8";1;0;0
"men";"1500 metres";"Philip NoelBaker";"GBR";"belgium";"antwerp";1920;8;19;"4:02.4";2;0;0
"men";"1500 metres";"Lawrence Shields";"USA";"belgium";"antwerp";1920;8;19;"4:04.3";3;0;0
"men";"5000 metres";"Joseph Guillemot";"FRA";"belgium";"antwerp";1920;8;17;"14:55.6";1;0;0
"men";"5000 metres";"Paavo Nurmi";"FIN";"belgium";"antwerp";1920;8;17;"15:00.0";2;0;0
"men";"5000 metres";"Eric Backman";"SWE";"belgium";"antwerp";1920;8;17;"15:13.0";3;0;0
"men";"10,000 metres";"Paavo Nurmi";"FIN";"belgium";"antwerp";1920;8;20;"31:45.8";1;0;0
"men";"10,000 metres";"Joseph Guillemot";"FRA";"belgium";"antwerp";1920;8;20;"31:47.2";2;0;0
"men";"10,000 metres";"James Wilson";"GBR";"belgium";"antwerp";1920;8;20;"31:50.8";3;0;0
"men";"110 metres hurdles";"Earl Thomson";"CAN";"belgium";"antwerp";1920;8;18;"14.8";1;1;1
"men";"110 metres hurdles";"Harold Barron";"USA";"belgium";"antwerp";1920;8;18;"15.1";2;0;0
"men";"110 metres hurdles";"Feg Murray";"USA";"belgium";"antwerp";1920;8;18;"15.1";3;0;0
"men";"400 metres hurdles";"Frank Loomis";"USA";"belgium";"antwerp";1920;8;16;"54.0";1;0;0
"men";"400 metres hurdles";"John Norton";"USA";"belgium";"antwerp";1920;8;16;"54.6";2;0;0
"men";"400 metres hurdles";"August Desch";"USA";"belgium";"antwerp";1920;8;16;"54.7";3;0;0
"men";"3,000 metres steeplechase";"Percy Hodge";"GBR";"belgium";"antwerp";1920;8;20;"10:00.4";1;0;1
"men";"3,000 metres steeplechase";"Patrick Flynn";"USA";"belgium";"antwerp";1920;8;20;"10:21.1";2;0;0
"men";"3,000 metres steeplechase";"Ernesto Ambrosini";"ITA";"belgium";"antwerp";1920;8;20;"10:32.0";3;0;0
"men";"Marathon";"Hannes Kolehmainen";"FIN";"belgium";"antwerp";1920;8;22;"2:32:35.8";1;1;1
"men";"Marathon";"Jüri Lossmann";"EST";"belgium";"antwerp";1920;8;22;"2:32:48.6";2;0;0
"men";"Marathon";"Valerio Arri";"ITA";"belgium";"antwerp";1920;8;22;"2:36:32.8";3;0;0
"men";"3 kilometres walk";"Ugo Frigerio";"ITA";"belgium";"antwerp";1920;8;21;"13:14.2";1;0;1
"men";"3 kilometres walk";"George Parker";"AUS";"belgium";"antwerp";1920;8;21;"13:19.6";2;0;0
"men";"3 kilometres walk";"Richard Remer";"USA";"belgium";"antwerp";1920;8;21;"13:22.2";3;0;0
"men";"10 kilometres walk";"Ugo Frigerio";"ITA";"belgium";"antwerp";1920;8;18;"48:06.2";1;0;0
"men";"10 kilometres walk";"Joseph Pearman";"USA";"belgium";"antwerp";1920;8;18;"49:40.2";2;0;0
"men";"10 kilometres walk";"Charles Gunn";"GBR";"belgium";"antwerp";1920;8;18;"49:43.9";3;0;0
"men";"High jump";"Richmond Landon";"USA";"belgium";"antwerp";1920;8;17;"1.936";1;0;1
"men";"High jump";"Harold Muller";"USA";"belgium";"antwerp";1920;8;17;"1.90";2;0;0
"men";"High jump";"Bo Ekelund";"SWE";"belgium";"antwerp";1920;8;17;"1.90";3;0;0
"men";"Pole vault";"Frank Foss";"USA";"belgium";"antwerp";1920;8;20;"4.09";1;1;1
"men";"Pole vault";"Henry Petersen";"DEN";"belgium";"antwerp";1920;8;20;"3.70";2;0;0
"men";"Pole vault";"Edwin Myers";"USA";"belgium";"antwerp";1920;8;20;"3.60";3;0;0
"men";"Long jump";"William Petersson";"SWE";"belgium";"antwerp";1920;8;17;"7.15";1;0;0
"men";"Long jump";"Carl Johnson";"USA";"belgium";"antwerp";1920;8;17;"7.095";2;0;0
"men";"Long jump";"Erik Abrahamsson";"SWE";"belgium";"antwerp";1920;8;17;"7.08";3;0;0
"men";"Triple jump";"Vilho Tuulos";"FIN";"belgium";"antwerp";1920;8;21;"14.505";1;0;0
"men";"Triple jump";"Folke Jansson";"SWE";"belgium";"antwerp";1920;8;21;"14.48";2;0;0
"men";"Triple jump";"Erik Almlöf";"SWE";"belgium";"antwerp";1920;8;21;"14.27";3;0;0
"men";"Shot put";"Ville Pörhölä";"FIN";"belgium";"antwerp";1920;8;18;"14.81";1;0;0
"men";"Shot put";"Elmer Niklander";"FIN";"belgium";"antwerp";1920;8;18;"14.155";2;0;0
"men";"Shot put";"Harry Liversedge";"USA";"belgium";"antwerp";1920;8;18;"14.15";3;0;0
"men";"Discus throw";"Elmer Niklander";"FIN";"belgium";"antwerp";1920;8;22;"44.685";1;0;0
"men";"Discus throw";"Armas Taipale";"FIN";"belgium";"antwerp";1920;8;22;"44.19";2;0;0
"men";"Discus throw";"Gus Pope";"USA";"belgium";"antwerp";1920;8;22;"42.13";3;0;0
"men";"Hammer throw";"Patrick Ryan";"USA";"belgium";"antwerp";1920;8;18;"52.875";1;0;0
"men";"Hammer throw";"Carl Johan Lind";"SWE";"belgium";"antwerp";1920;8;18;"48.43";2;0;0
"men";"Hammer throw";"Basil Bennett";"USA";"belgium";"antwerp";1920;8;18;"48.25";3;0;0
"men";"Javelin throw";"Jonni Myyrä";"FIN";"belgium";"antwerp";1920;8;15;"65.78";1;0;1
"men";"Javelin throw";"Urho Peltonen";"FIN";"belgium";"antwerp";1920;8;15;"63.605";2;0;0
"men";"Javelin throw";"Pekka Johansson";"FIN";"belgium";"antwerp";1920;8;15;"63.095";3;0;0
"men";"100 metres";"Harold Abrahams";"GBR";"france";"paris";1924;7;7;"10.6";1;0;1
"men";"100 metres";"Jackson Scholz";"USA";"france";"paris";1924;7;7;"10.7";2;0;0
"men";"100 metres";"Arthur Porritt";"NZL";"france";"paris";1924;7;7;"10.8";3;0;0
"men";"200 metres";"Jackson Scholz";"USA";"france";"paris";1924;7;9;"21.6";1;0;1
"men";"200 metres";"Charlie Paddock";"USA";"france";"paris";1924;7;9;"21.7";2;0;0
"men";"200 metres";"Eric Liddell";"GBR";"france";"paris";1924;7;9;"21.9";3;0;0
"men";"400 metres";"Eric Liddell";"GBR";"france";"paris";1924;7;11;"47.6";1;0;1
"men";"400 metres";"Horatio Fitch";"USA";"france";"paris";1924;7;11;"48.4";2;0;0
"men";"400 metres";"Guy Butler";"GBR";"france";"paris";1924;7;11;"48.6";3;0;0
"men";"800 metres";"Douglas Lowe";"GBR";"france";"paris";1924;7;8;"1:52.4";1;0;0
"men";"800 metres";"Paul Martin";"SUI";"france";"paris";1924;7;8;"1:52.6";2;0;0
"men";"800 metres";"Schuyler Enck";"USA";"france";"paris";1924;7;8;"1:53.0";3;0;0
"men";"1500 metres";"Paavo Nurmi";"FIN";"france";"paris";1924;7;10;"3:53.6";1;0;1
"men";"1500 metres";"Willy Schärer";"SUI";"france";"paris";1924;7;10;"3:55.0";2;0;0
"men";"1500 metres";"H. B. Stallard";"GBR";"france";"paris";1924;7;10;"3:55.6";3;0;0
"men";"5000 metres";"Paavo Nurmi";"FIN";"france";"paris";1924;7;10;"14:31.2";1;0;1
"men";"5000 metres";"Ville Ritola";"FIN";"france";"paris";1924;7;10;"14:31.4";2;0;0
"men";"5000 metres";"Edvin Wide";"SWE";"france";"paris";1924;7;10;"15:01.8";3;0;0
"men";"10,000 metres";"Ville Ritola";"FIN";"france";"paris";1924;7;6;"30:23.2";1;1;1
"men";"10,000 metres";"Edvin Wide";"SWE";"france";"paris";1924;7;6;"30:55.2";2;0;0
"men";"10,000 metres";"Eero Berg";"FIN";"france";"paris";1924;7;6;"31:43.0";3;0;0
"men";"110 metres hurdles";"Daniel Kinsey";"USA";"france";"paris";1924;7;9;"15.0";1;0;0
"men";"110 metres hurdles";"Sid Atkinson";"RSA";"france";"paris";1924;7;9;"15.0";2;0;0
"men";"110 metres hurdles";"Sten Pettersson";"SWE";"france";"paris";1924;7;9;"15.4";3;0;0
"men";"400 metres hurdles";"Morgan Taylor";"USA";"france";"paris";1924;7;7;"52.6";1;0;1
"men";"400 metres hurdles";"Erik Vilen";"FIN";"france";"paris";1924;7;7;"53.8";2;0;0
"men";"400 metres hurdles";"Ivan Riley";"USA";"france";"paris";1924;7;7;"54.2";3;0;0
"men";"3000 metres steeplechase";"Ville Ritola";"FIN";"france";"paris";1924;7;9;"9:33.6";1;0;1
"men";"3000 metres steeplechase";"Elias Katz";"FIN";"france";"paris";1924;7;9;"9:44.0";2;0;0
"men";"3000 metres steeplechase";"Paul Bontemps";"FRA";"france";"paris";1924;7;9;"9:45.2";3;0;0
"men";"Marathon";"Albin Stenroos";"FIN";"france";"paris";1924;7;13;"2:41:22.6";1;0;0
"men";"Marathon";"Romeo Bertini";"ITA";"france";"paris";1924;7;13;"2:47:19.6";2;0;0
"men";"Marathon";"Clarence DeMar";"USA";"france";"paris";1924;7;13;"2:48:14.0";3;0;0
"men";"10 kilometres walk";"Ugo Frigerio";"ITA";"france";"paris";1924;7;13;"47:49.0";1;0;0
"men";"10 kilometres walk";"Gordon Goodwin";"GBR";"france";"paris";1924;7;13;"48:37.9";2;0;0
"men";"10 kilometres walk";"Cecil McMaster";"RSA";"france";"paris";1924;7;13;"49:08.0";3;0;0
"men";"High jump";"Harold Osborn";"USA";"france";"paris";1924;7;7;"1.98";1;0;1
"men";"High jump";"Leroy Brown";"USA";"france";"paris";1924;7;7;"1.95";2;0;0
"men";"High jump";"Pierre Lewden";"FRA";"france";"paris";1924;7;7;"1.92";3;0;0
"men";"Pole vault";"Lee Barnes";"USA";"france";"paris";1924;7;10;"3.95";1;0;0
"men";"Pole vault";"Glenn Graham";"USA";"france";"paris";1924;7;10;"3.95";2;0;0
"men";"Pole vault";"James Brooker";"USA";"france";"paris";1924;7;10;"3.90";3;0;0
"men";"Long jump";"DeHart Hubbard";"USA";"france";"paris";1924;7;8;"7.445";1;0;0
"men";"Long jump";"Edward Gourdin";"USA";"france";"paris";1924;7;8;"7.275";2;0;0
"men";"Long jump";"Sverre Hansen";"NOR";"france";"paris";1924;7;8;"7.260";3;0;0
"men";"Triple jump";"Nick Winter";"AUS";"france";"paris";1924;7;12;"15.525";1;1;1
"men";"Triple jump";"Luis Brunetto";"ARG";"france";"paris";1924;7;12;"15.425";2;0;0
"men";"Triple jump";"Vilho Tuulos";"FIN";"france";"paris";1924;7;12;"15.370";3;0;0
"men";"Shot put";"Bud Houser";"USA";"france";"paris";1924;7;8;"14.995";1;0;0
"men";"Shot put";"Glenn Hartranft";"USA";"france";"paris";1924;7;8;"14.895";2;0;0
"men";"Shot put";"Ralph Hills";"USA";"france";"paris";1924;7;8;"14.640";3;0;0
"men";"Discus throw";"Bud Houser";"USA";"france";"paris";1924;7;13;"46.165";1;0;1
"men";"Discus throw";"Vilho Niittymaa";"FIN";"france";"paris";1924;7;13;"44.95";2;0;0
"men";"Discus throw";"Thomas Lieb";"USA";"france";"paris";1924;7;13;"44.83";3;0;0
"men";"Hammer throw";"Fred Tootell";"USA";"france";"paris";1924;7;10;"53.285";1;0;0
"men";"Hammer throw";"Matt McGrath";"USA";"france";"paris";1924;7;10;"50.840";2;0;0
"men";"Hammer throw";"Malcolm Nokes";"GBR";"france";"paris";1924;7;10;"48.875";3;0;0
"men";"Javelin throw";"Jonni Myyrä";"FIN";"france";"paris";1924;7;6;"62.96";1;0;0
"men";"Javelin throw";"Gunnar Lindström";"SWE";"france";"paris";1924;7;6;"60.92";2;0;0
"men";"Javelin throw";"Eugene Oberst";"USA";"france";"paris";1924;7;6;"57.98";3;0;0
"men";"100 metres";"Percy Williams";"CAN";"holland";"amsterdam";1928;7;30;"10.8";1;0;0
"men";"100 metres";"Jack London";"GBR";"holland";"amsterdam";1928;7;30;"10.9";2;0;0
"men";"100 metres";"Georg Lammers";"GER";"holland";"amsterdam";1928;7;30;"10.9";3;0;0
"men";"200 metres";"Percy Williams";"CAN";"holland";"amsterdam";1928;8;1;"21.8";1;0;0
"men";"200 metres";"Walter Rangeley";"GBR";"holland";"amsterdam";1928;8;1;"21.9";2;0;0
"men";"200 metres";"Helmut Körnig";"GER";"holland";"amsterdam";1928;8;1;"21.9";3;0;0
"men";"400 metres";"Ray Barbuti";"USA";"holland";"amsterdam";1928;8;3;"47.8";1;0;0
"men";"400 metres";"Jimmy Ball";"CAN";"holland";"amsterdam";1928;8;3;"48.0";2;0;0
"men";"400 metres";"Joachim Büchner";"GER";"holland";"amsterdam";1928;8;3;"48.2";3;0;0
"men";"800 metres";"Douglas Lowe";"GBR";"holland";"amsterdam";1928;7;31;"1:51.8";1;0;1
"men";"800 metres";"Erik Byléhn";"SWE";"holland";"amsterdam";1928;7;31;"1:52.8";2;0;0
"men";"800 metres";"Hermann Engelhard";"GER";"holland";"amsterdam";1928;7;31;"1:53.2";3;0;0
"men";"1500 metres";"Harri Larva";"FIN";"holland";"amsterdam";1928;8;2;"3:53.2";1;0;1
"men";"1500 metres";"Jules Ladoumegue";"FRA";"holland";"amsterdam";1928;8;2;"3:53.8";2;0;0
"men";"1500 metres";"Eino Purje";"FIN";"holland";"amsterdam";1928;8;2;"3:56.4";3;0;0
"men";"5000 metres";"Ville Ritola";"FIN";"holland";"amsterdam";1928;8;3;"14:38.0";1;0;0
"men";"5000 metres";"Paavo Nurmi";"FIN";"holland";"amsterdam";1928;8;3;"14:40.0";2;0;0
"men";"5000 metres";"Edvin Wide";"SWE";"holland";"amsterdam";1928;8;3;"14:41.2";3;0;0
"men";"10,000 metres";"Paavo Nurmi";"FIN";"holland";"amsterdam";1928;7;29;"30:18.8";1;0;1
"men";"10,000 metres";"Ville Ritola";"FIN";"holland";"amsterdam";1928;7;29;"30:19.4";2;0;0
"men";"10,000 metres";"Edvin Wide";"SWE";"holland";"amsterdam";1928;7;29;"31:00.8";3;0;0
"men";"110 metres hurdles";"Sydney Atkinson";"RSA";"holland";"amsterdam";1928;8;1;"14.8";1;0;0
"men";"110 metres hurdles";"Steve Anderson";"USA";"holland";"amsterdam";1928;8;1;"14.8";2;0;0
"men";"110 metres hurdles";"John Collier";"USA";"holland";"amsterdam";1928;8;1;"14.9";3;0;0
"men";"400 metres hurdles";"David Burghley";"GBR";"holland";"amsterdam";1928;7;30;"53.4";1;0;1
"men";"400 metres hurdles";"Frank Cuhel";"USA";"holland";"amsterdam";1928;7;30;"53.6";2;0;0
"men";"400 metres hurdles";"Morgan Taylor";"USA";"holland";"amsterdam";1928;7;30;"53.6";3;0;0
"men";"3000 metres steeplechase";"Toivo Loukola";"FIN";"holland";"amsterdam";1928;8;4;"9:21.8";1;1;1
"men";"3000 metres steeplechase";"Paavo Nurmi";"FIN";"holland";"amsterdam";1928;8;4;"9:31.2";2;0;0
"men";"3000 metres steeplechase";"Ove Andersen";"FIN";"holland";"amsterdam";1928;8;4;"9:35.6";3;0;0
"men";"Marathon";"Boughera El Ouafi";"FRA";"holland";"amsterdam";1928;8;5;"2:32:57";1;0;0
"men";"Marathon";"Manuel Plaza";"CHI";"holland";"amsterdam";1928;8;5;"2:33:23";2;0;0
"men";"Marathon";"Martti Marttelin";"FIN";"holland";"amsterdam";1928;8;5;"2:35:02";3;0;0
"men";"High jump";"Bob King (athlete)Bob King";"USA";"holland";"amsterdam";1928;7;29;"1.94";1;0;0
"men";"High jump";"Benjamin Hedges";"USA";"holland";"amsterdam";1928;7;29;"1.91";2;0;0
"men";"High jump";"Claude Ménard";"FRA";"holland";"amsterdam";1928;7;29;"1.91";3;0;0
"men";"Pole vault";"Sabin Carr";"USA";"holland";"amsterdam";1928;8;1;"4.20";1;0;1
"men";"Pole vault";"William Droegemuller";"USA";"holland";"amsterdam";1928;8;1;"4.10";2;0;0
"men";"Pole vault";"Charles McGinnis";"USA";"holland";"amsterdam";1928;8;1;"3.95";3;0;0
"men";"Long jump";"Edward Hamm";"USA";"holland";"amsterdam";1928;7;31;"7.73";1;0;0
"men";"Long jump";"Silvio Cator";"HAI";"holland";"amsterdam";1928;7;31;"7.58";2;0;0
"men";"Long jump";"Alfred Bates";"USA";"holland";"amsterdam";1928;7;31;"7.40";3;0;0
"men";"Triple jump";"Mikio Oda";"JPN";"holland";"amsterdam";1928;8;2;"15.21";1;0;0
"men";"Triple jump";"Levi Casey";"USA";"holland";"amsterdam";1928;8;2;"15.17";2;0;0
"men";"Triple jump";"Vilho Tuulos";"FIN";"holland";"amsterdam";1928;8;2;"15.11";3;0;0
"men";"Shot put";"John Kuck";"USA";"holland";"amsterdam";1928;7;29;"15.87";1;1;1
"men";"Shot put";"Herman Brix";"USA";"holland";"amsterdam";1928;7;29;"15.75";2;0;0
"men";"Shot put";"Emil Hirschfeld";"GER";"holland";"amsterdam";1928;7;29;"15.72";3;0;0
"men";"Discus throw";"Bud Houser";"USA";"holland";"amsterdam";1928;8;1;"47.32";1;0;1
"men";"Discus throw";"Antero Kivi";"FIN";"holland";"amsterdam";1928;8;1;"47.23";2;0;0
"men";"Discus throw";"James Corson";"USA";"holland";"amsterdam";1928;8;1;"47.10";3;0;0
"men";"Hammer throw";"Pat O'Callaghan";"IRL";"holland";"amsterdam";1928;7;30;"51.39";1;0;0
"men";"Hammer throw";"Ossian Skiöld";"SWE";"holland";"amsterdam";1928;7;30;"51.29";2;0;0
"men";"Hammer throw";"Edmund Black";"USA";"holland";"amsterdam";1928;7;30;"49.03";3;0;0
"men";"Javelin throw";"Erik Lundqvist";"SWE";"holland";"amsterdam";1928;8;2;"66.60";1;0;0
"men";"Javelin throw";"Béla Szepes";"HUN";"holland";"amsterdam";1928;8;2;"65.26";2;0;0
"men";"Javelin throw";"Olav Sunde";"NOR";"holland";"amsterdam";1928;8;2;"63.97";3;0;0
"women";"100 metres";"Betty Robinson";"USA";"holland";"amsterdam";1928;7;31;"12.2";1;1;1
"women";"100 metres";"Bobbie Rosenfeld";"CAN";"holland";"amsterdam";1928;7;31;"12.3";2;0;0
"women";"100 metres";"Ethel Smith";"CAN";"holland";"amsterdam";1928;7;31;"12.3";3;0;0
"women";"800 metres";"Lina Radke";"GER";"holland";"amsterdam";1928;8;2;"2:16.8";1;1;1
"women";"800 metres";"Kinue Hitomi";"JPN";"holland";"amsterdam";1928;8;2;"2:17.6";2;0;0
"women";"800 metres";"Inga Gentzel";"SWE";"holland";"amsterdam";1928;8;2;"2:17.8";3;0;0
"women";"High jump";"Ethel Catherwood";"CAN";"holland";"amsterdam";1928;8;5;"1.595";1;1;1
"women";"High jump";"Lien Gisolf";"NED";"holland";"amsterdam";1928;8;5;"1.56";2;0;0
"women";"High jump";"Mildred Wiley";"USA";"holland";"amsterdam";1928;8;5;"1.56";3;0;0
"women";"Discus throw";"Halina Konopacka";"POL";"holland";"amsterdam";1928;7;31;"39.62";1;1;1
"women";"Discus throw";"Lillian Copeland";"USA";"holland";"amsterdam";1928;7;31;"37.08";2;0;0
"women";"Discus throw";"Ruth Svedberg";"SWE";"holland";"amsterdam";1928;7;31;"35.92";3;0;0
"men";"100 metres";"Eddie Tolan";"USA";"united states";"los angeles";1932;8;1;"10.38";1;1;1
"men";"100 metres";"Ralph Metcalfe";"USA";"united states";"los angeles";1932;8;1;"10.38";2;1;1
"men";"100 metres";"Arthur Jonath";"GER";"united states";"los angeles";1932;8;1;"10.4";3;0;0
"men";"200 metres";"Eddie Tolan";"USA";"united states";"los angeles";1932;8;3;"21.2";1;0;1
"men";"200 metres";"George Simpson";"USA";"united states";"los angeles";1932;8;3;"21.4";2;0;0
"men";"200 metres";"Ralph Metcalfe";"USA";"united states";"los angeles";1932;8;3;"21.5";3;0;0
"men";"400 metres";"Bill Carr";"USA";"united states";"los angeles";1932;8;5;"46.28";1;1;1
"men";"400 metres";"Ben Eastman";"USA";"united states";"los angeles";1932;8;5;"46.50";2;0;0
"men";"400 metres";"Alex Wilson";"CAN";"united states";"los angeles";1932;8;5;"47.4";3;0;0
"men";"800 metres";"Tommy Hampson";"GBR";"united states";"los angeles";1932;8;2;"1:49.7";1;1;1
"men";"800 metres";"Alex Wilson";"CAN";"united states";"los angeles";1932;8;2;"1:49.9";2;0;0
"men";"800 metres";"Phil Edwards";"CAN";"united states";"los angeles";1932;8;2;"1:51.5";3;0;0
"men";"1500 metres";"Luigi Beccali";"ITA";"united states";"los angeles";1932;8;4;"3:51.2";1;0;1
"men";"1500 metres";"Jerry Cornes";"GBR";"united states";"los angeles";1932;8;4;"3:52.6";2;0;0
"men";"1500 metres";"Phil Edwards";"CAN";"united states";"los angeles";1932;8;4;"3:52.8";3;0;0
"men";"5000 metres";"Lauri Lehtinen";"FIN";"united states";"los angeles";1932;8;5;"14:30.0";1;0;1
"men";"5000 metres";"Ralph Hill";"USA";"united states";"los angeles";1932;8;5;"14:30.0";2;0;0
"men";"5000 metres";"Lauri Virtanen";"FIN";"united states";"los angeles";1932;8;5;"14:44.0";3;0;0
"men";"10,000 metres";"Janusz Kusociński";"POL";"united states";"los angeles";1932;7;31;"30:11.4";1;0;1
"men";"10,000 metres";"Volmari IsoHollo";"FIN";"united states";"los angeles";1932;7;31;"30:12.6";2;0;0
"men";"10,000 metres";"Lauri Virtanen";"FIN";"united states";"los angeles";1932;7;31;"30:35.0";3;0;0
"men";"110 metres hurdles";"George Saling";"USA";"united states";"los angeles";1932;8;3;"14.6";1;0;1
"men";"110 metres hurdles";"Percy Beard";"USA";"united states";"los angeles";1932;8;3;"14.7";2;0;0
"men";"110 metres hurdles";"Donald Finlay";"GBR";"united states";"los angeles";1932;8;3;"14.8";3;0;0
"men";"400 metres hurdles";"Bob Tisdall";"IRL";"united states";"los angeles";1932;8;1;"51.8";1;0;0
"men";"400 metres hurdles";"Glenn Hardin";"USA";"united states";"los angeles";1932;8;1;"51.9";2;0;0
"men";"400 metres hurdles";"Morgan Taylor";"USA";"united states";"los angeles";1932;8;1;"52.0";3;0;0
"men";"3000 metres steeplechase";"Volmari IsoHollo";"FIN";"united states";"los angeles";1932;8;2;"10:33.4";1;0;0
"men";"3000 metres steeplechase";"Thomas Evenson";"GBR";"united states";"los angeles";1932;8;2;"10:46.0";2;0;0
"men";"3000 metres steeplechase";"Joe McCluskey";"USA";"united states";"los angeles";1932;8;2;"10:46.2";3;0;0
"men";"Marathon";"Juan Carlos Zabala";"ARG";"united states";"los angeles";1932;8;7;"2:31:36";1;0;1
"men";"Marathon";"Sam Ferris";"GBR";"united states";"los angeles";1932;8;7;"2:31:55";2;0;0
"men";"Marathon";"Armas Toivonen";"FIN";"united states";"los angeles";1932;8;7;"2:32:12";3;0;0
"men";"50 kilometres walk";"Tommy Green";"GBR";"united states";"los angeles";1932;8;3;"4:50:10";1;0;1
"men";"50 kilometres walk";"Jānis Daliņš";"LAT";"united states";"los angeles";1932;8;3;"4:57:20";2;0;0
"men";"50 kilometres walk";"Ugo Frigerio";"ITA";"united states";"los angeles";1932;8;3;"4:59:06";3;0;0
"men";"High jump";"Duncan McNaughton";"CAN";"united states";"los angeles";1932;7;31;"1.97";1;0;0
"men";"High jump";"Bob Van Osdel";"USA";"united states";"los angeles";1932;7;31;"1.97";2;0;0
"men";"High jump";"Simeon Toribio";"PHI";"united states";"los angeles";1932;7;31;"1.97";3;0;0
"men";"Pole vault";"Bill Miller";"USA";"united states";"los angeles";1932;8;3;"4.315";1;0;1
"men";"Pole vault";"Shuhei Nishida";"JPN";"united states";"los angeles";1932;8;3;"4.30";2;0;0
"men";"Pole vault";"George Jefferson";"USA";"united states";"los angeles";1932;8;3;"4.20";3;0;0
"men";"Long jump";"Ed Gordon";"USA";"united states";"los angeles";1932;8;2;"7.64";1;0;0
"men";"Long jump";"Lambert Redd";"USA";"united states";"los angeles";1932;8;2;"7.60";2;0;0
"men";"Long jump";"Chuhei Nambu";"JPN";"united states";"los angeles";1932;8;2;"7.45";3;0;0
"men";"Triple jump";"Chuhei Nambu";"JPN";"united states";"los angeles";1932;8;4;"15.72";1;1;1
"men";"Triple jump";"Erik Svensson";"SWE";"united states";"los angeles";1932;8;4;"15.32";2;0;0
"men";"Triple jump";"Kenkichi Oshima";"JPN";"united states";"los angeles";1932;8;4;"15.12";3;0;0
"men";"Shot put";"Leo Sexton";"USA";"united states";"los angeles";1932;7;31;"16.00";1;0;1
"men";"Shot put";"Harlow Rothert";"USA";"united states";"los angeles";1932;7;31;"15.67";2;0;0
"men";"Shot put";"František Douda";"TCH";"united states";"los angeles";1932;7;31;"15.61";3;0;0
"men";"Discus throw";"John Anderson";"USA";"united states";"los angeles";1932;8;3;"49.49";1;0;1
"men";"Discus throw";"Henri LaBorde";"USA";"united states";"los angeles";1932;8;3;"48.47";2;0;0
"men";"Discus throw";"Paul Winter";"FRA";"united states";"los angeles";1932;8;3;"47.85";3;0;0
"men";"Hammer throw";"Pat O'Callaghan";"IRL";"united states";"los angeles";1932;8;1;"53.92";1;0;0
"men";"Hammer throw";"Ville Pörhölä";"FIN";"united states";"los angeles";1932;8;1;"52.27";2;0;0
"men";"Hammer throw";"Peter Zaremba";"USA";"united states";"los angeles";1932;8;1;"50.33";3;0;0
"men";"Javelin throw";"Matti Järvinen";"FIN";"united states";"los angeles";1932;8;4;"72.71";1;0;1
"men";"Javelin throw";"Matti Sippala";"FIN";"united states";"los angeles";1932;8;4;"69.80";2;0;0
"men";"Javelin throw";"Eino Penttilä";"FIN";"united states";"los angeles";1932;8;4;"68.70";3;0;0
"women";"100 metres";"Stanisława Walasiewicz";"POL";"united states";"los angeles";1932;8;2;"11.9";1;1;1
"women";"100 metres";"Hilda Strike";"CAN";"united states";"los angeles";1932;8;2;"11.9";2;1;1
"women";"100 metres";"Wilhelmina von Bremen";"USA";"united states";"los angeles";1932;8;2;"12.0";3;0;0
"women";"High jump";"Jean Shiley";"USA";"united states";"los angeles";1932;8;7;"1.65";1;1;1
"women";"High jump";"Babe Didrikson";"USA";"united states";"los angeles";1932;8;7;"1.65";2;0;0
"women";"High jump";"Eva Dawes";"CAN";"united states";"los angeles";1932;8;7;"1.60";3;0;0
"women";"Discus throw";"Lillian Copeland";"USA";"united states";"los angeles";1932;8;2;"40.58";1;0;1
"women";"Discus throw";"Ruth Osburn";"USA";"united states";"los angeles";1932;8;2;"40.12";2;0;0
"women";"Discus throw";"Jadwiga Wajs";"POL";"united states";"los angeles";1932;8;2;"38.74";3;0;0
"women";"Javelin throw";"Babe Didrikson";"USA";"united states";"los angeles";1932;7;31;"43.69";1;0;1
"women";"Javelin throw";"Ellen Braumüller";"GER";"united states";"los angeles";1932;7;31;"43.50";2;0;0
"women";"Javelin throw";"Tilly Fleischer";"GER";"united states";"los angeles";1932;7;31;"43.01";3;0;0
"men";"100 metres";"Jesse Owens";"USA";"germany";"berlin";1936;8;3;"10.3";1;0;0
"men";"100 metres";"Ralph Metcalfe";"USA";"germany";"berlin";1936;8;3;"10.4";2;0;0
"men";"100 metres";"Tinus Osendarp";"NED";"germany";"berlin";1936;8;3;"10.5";3;0;0
"men";"200 metres";"Jesse Owens";"USA";"germany";"berlin";1936;8;5;"20.7";1;1;1
"men";"200 metres";"Mack Robinson";"USA";"germany";"berlin";1936;8;5;"21.1";2;0;0
"men";"200 metres";"Tinus Osendarp";"NED";"germany";"berlin";1936;8;5;"21.3";3;0;0
"men";"400 metres";"Archie Williams";"USA";"germany";"berlin";1936;8;7;"46.5";1;0;0
"men";"400 metres";"Godfrey Brown";"GBR";"germany";"berlin";1936;8;7;"46.7";2;0;0
"men";"400 metres";"James LuValle";"USA";"germany";"berlin";1936;8;7;"46.8";3;0;0
"men";"800 metres";"John Woodruff";"USA";"germany";"berlin";1936;8;4;"1:52.9";1;0;0
"men";"800 metres";"Mario Lanzi";"ITA";"germany";"berlin";1936;8;4;"1:53.3";2;0;0
"men";"800 metres";"Phil Edwards";"CAN";"germany";"berlin";1936;8;4;"1:53.6";3;0;0
"men";"1500 metres";"Jack Lovelock";"NZL";"germany";"berlin";1936;8;6;"3:47.8";1;1;1
"men";"1500 metres";"Glenn Cunningham";"USA";"germany";"berlin";1936;8;6;"3:48.4";2;0;0
"men";"1500 metres";"Luigi Beccali";"ITA";"germany";"berlin";1936;8;6;"3:49.2";3;0;0
"men";"5000 metres";"Gunnar Höckert";"FIN";"germany";"berlin";1936;8;7;"14:22.2";1;0;1
"men";"5000 metres";"Lauri Lehtinen";"FIN";"germany";"berlin";1936;8;7;"14:25.8";2;0;0
"men";"5000 metres";"Henry Jonsson";"SWE";"germany";"berlin";1936;8;7;"14:29.0";3;0;0
"men";"10,000 metres";"Ilmari Salminen";"FIN";"germany";"berlin";1936;8;2;"30:15.4";1;0;0
"men";"10,000 metres";"Arvo Askola";"FIN";"germany";"berlin";1936;8;2;"30:15.6";2;0;0
"men";"10,000 metres";"Volmari IsoHollo";"FIN";"germany";"berlin";1936;8;2;"30:20.2";3;0;0
"men";"110 metres hurdles";"Forrest Towns";"USA";"germany";"berlin";1936;8;6;"14.2";1;0;0
"men";"110 metres hurdles";"Don Finlay";"GBR";"germany";"berlin";1936;8;6;"14.4";2;0;0
"men";"110 metres hurdles";"Fritz Pollard";"USA";"germany";"berlin";1936;8;6;"14.4";3;0;0
"men";"400 metres hurdles";"Glenn Hardin";"USA";"germany";"berlin";1936;8;4;"52.4";1;0;0
"men";"400 metres hurdles";"John Loaring";"CAN";"germany";"berlin";1936;8;4;"52.7";2;0;0
"men";"400 metres hurdles";"Miguel White";"PHI";"germany";"berlin";1936;8;4;"52.8";3;0;0
"men";"3000 metres steeplechase";"Volmari IsoHollo";"FIN";"germany";"berlin";1936;8;8;"9:03.8";1;1;1
"men";"3000 metres steeplechase";"Kaarlo Tuominen";"FIN";"germany";"berlin";1936;8;8;"9:06.8";2;0;0
"men";"3000 metres steeplechase";"Alfred Dompert";"GER";"germany";"berlin";1936;8;8;"9:07.2";3;0;0
"men";"Marathon";"Sohn KeechungSon Kitei";"JPN";"germany";"berlin";1936;8;9;"2:29:19.2";1;0;1
"men";"Marathon";"Ernest Harper";"GBR";"germany";"berlin";1936;8;9;"2:31:23.2";2;0;0
"men";"Marathon";"Nam SungyongNan Shoryu";"JPN";"germany";"berlin";1936;8;9;"2:31:42.0";3;0;0
"men";"50 kilometres walk";"Harold Whitlock";"GBR";"germany";"berlin";1936;8;5;"4:30:41.4";1;0;1
"men";"50 kilometres walk";"Arthur Tell Schwab";"SUI";"germany";"berlin";1936;8;5;"4:32:09.2";2;0;0
"men";"50 kilometres walk";"Adalberts Bubenko";"LAT";"germany";"berlin";1936;8;5;"4:32:42.2";3;0;0
"men";"High jump";"Cornelius Johnson";"USA";"germany";"berlin";1936;8;2;"2.03";1;0;1
"men";"High jump";"Dave Albritton";"USA";"germany";"berlin";1936;8;2;"2.00";2;0;0
"men";"High jump";"Delos Thurber";"USA";"germany";"berlin";1936;8;2;"2.00";3;0;0
"men";"Pole vault";"Earle Meadows";"USA";"germany";"berlin";1936;8;5;"4.35";1;0;1
"men";"Pole vault";"Shuhei Nishida";"JPN";"germany";"berlin";1936;8;5;"4.25";2;0;0
"men";"Pole vault";"Sueo Ōe";"JPN";"germany";"berlin";1936;8;5;"4.25";3;0;0
"men";"Long jump";"Jesse Owens";"USA";"germany";"berlin";1936;8;4;"8.06";1;0;1
"men";"Long jump";"Luz Long";"GER";"germany";"berlin";1936;8;4;"7.87";2;0;0
"men";"Long jump";"Naoto Tajima";"JPN";"germany";"berlin";1936;8;4;"7.74";3;0;0
"men";"Triple jump";"Naoto Tajima";"JPN";"germany";"berlin";1936;8;6;"16.00";1;1;1
"men";"Triple jump";"Masao Harada";"JPN";"germany";"berlin";1936;8;6;"15.66";2;0;0
"men";"Triple jump";"Jack Metcalfe";"AUS";"germany";"berlin";1936;8;6;"15.50";3;0;0
"men";"Shot put";"Hans Woellke";"GER";"germany";"berlin";1936;8;2;"16.20";1;0;1
"men";"Shot put";"Sulo Bärlund";"FIN";"germany";"berlin";1936;8;2;"16.12";2;0;0
"men";"Shot put";"Gerhard Stöck";"GER";"germany";"berlin";1936;8;2;"15.66";3;0;0
"men";"Discus throw";"Ken Carpenter";"USA";"germany";"berlin";1936;8;5;"50.48";1;0;1
"men";"Discus throw";"Gordon Dunn";"USA";"germany";"berlin";1936;8;5;"49.36";2;0;0
"men";"Discus throw";"Giorgio Oberweger";"ITA";"germany";"berlin";1936;8;5;"49.23";3;0;0
"men";"Hammer throw";"Karl Hein";"GER";"germany";"berlin";1936;8;3;"56.49";1;0;1
"men";"Hammer throw";"Erwin Blask";"GER";"germany";"berlin";1936;8;3;"55.04";2;0;0
"men";"Hammer throw";"Fred Warngård";"SWE";"germany";"berlin";1936;8;3;"54.83";3;0;0
"men";"Javelin throw";"Gerhard Stöck";"GER";"germany";"berlin";1936;8;6;"71.84";1;0;0
"men";"Javelin throw";"Yrjo Nikkanen";"FIN";"germany";"berlin";1936;8;6;"70.77";2;0;0
"men";"Javelin throw";"Kalervo Toivonen";"FIN";"germany";"berlin";1936;8;6;"70.72";3;0;0
"women";"100 metres";"Helen Stephens";"USA";"germany";"berlin";1936;8;4;"11.5";1;0;0
"women";"100 metres";"Stanisława Walasiewicz";"POL";"germany";"berlin";1936;8;4;"11.7";2;0;0
"women";"100 metres";"Käthe Krauß";"GER";"germany";"berlin";1936;8;4;"11.9";3;0;0
"women";"High jump";"Ibolya Csák";"HUN";"germany";"berlin";1936;8;9;"1.60";1;0;0
"women";"High jump";"Dorothy Tyler Odam";"GBR";"germany";"berlin";1936;8;9;"1.60";2;0;0
"women";"High jump";"Elfriede Kaun";"GER";"germany";"berlin";1936;8;9;"1.60";3;0;0
"women";"Discus throw";"Gisela Mauermayer";"GER";"germany";"berlin";1936;8;4;"47.63";1;0;1
"women";"Discus throw";"Jadwiga Wajs";"POL";"germany";"berlin";1936;8;4;"46.22";2;0;0
"women";"Discus throw";"Paula Mollenhauer";"GER";"germany";"berlin";1936;8;4;"39.80";3;0;0
"women";"Javelin throw";"Tilly Fleischer";"GER";"germany";"berlin";1936;8;2;"45.18";1;0;1
"women";"Javelin throw";"Luise Krüger";"GER";"germany";"berlin";1936;8;2;"43.29";2;0;0
"women";"Javelin throw";"Maria Kwaśniewska";"POL";"germany";"berlin";1936;8;2;"41.80";3;0;0
"men";"100 metres";"Harrison Dillard";"USA";"united kingdoms";"london";1948;7;31;"10.3";1;0;0
"men";"100 metres";"Barney Ewell";"USA";"united kingdoms";"london";1948;7;31;"10.4";2;0;0
"men";"100 metres";"Lloyd LaBeach";"PAN";"united kingdoms";"london";1948;7;31;"10.6";3;0;0
"men";"200 metres";"Mel Patton";"USA";"united kingdoms";"london";1948;8;3;"21.1";1;0;0
"men";"200 metres";"Barney Ewell";"USA";"united kingdoms";"london";1948;8;3;"21.1";2;0;0
"men";"200 metres";"Lloyd LaBeach";"PAN";"united kingdoms";"london";1948;8;3;"21.2";3;0;0
"men";"400 metres";"Arthur Wint";"JAM";"united kingdoms";"london";1948;8;5;"46.2";1;0;0
"men";"400 metres";"Herb McKenley";"JAM";"united kingdoms";"london";1948;8;5;"46.4";2;0;0
"men";"400 metres";"Mal Whitfield";"USA";"united kingdoms";"london";1948;8;5;"46.8";3;0;0
"men";"800 metres";"Mal Whitfield";"USA";"united kingdoms";"london";1948;7;31;"1:49.2";1;0;1
"men";"800 metres";"Arthur Wint";"JAM";"united kingdoms";"london";1948;7;31;"1:49.5";2;0;0
"men";"800 metres";"Marcel Hansenne";"FRA";"united kingdoms";"london";1948;7;31;"1:49.8";3;0;0
"men";"1500 metres";"Henry Eriksson";"SWE";"united kingdoms";"london";1948;8;6;"3:49.8";1;0;0
"men";"1500 metres";"Lennart Strand";"SWE";"united kingdoms";"london";1948;8;6;"3:50.4";2;0;0
"men";"1500 metres";"Wim Slijkhuis";"NED";"united kingdoms";"london";1948;8;6;"3:50.4";3;0;0
"men";"5000 metres";"Gaston Reiff";"BEL";"united kingdoms";"london";1948;8;2;"14:17.6";1;0;1
"men";"5000 metres";"Emil Zátopek";"TCH";"united kingdoms";"london";1948;8;2;"14:17.8";2;0;0
"men";"5000 metres";"Wim Slijkhuis";"NED";"united kingdoms";"london";1948;8;2;"14:26.8";3;0;0
"men";"10,000 metres";"Emil Zátopek";"TCH";"united kingdoms";"london";1948;7;30;"29:59.6";1;0;1
"men";"10,000 metres";"Alain Mimoun";"FRA";"united kingdoms";"london";1948;7;30;"30:47.4";2;0;0
"men";"10,000 metres";"Bertil Albertsson";"SWE";"united kingdoms";"london";1948;7;30;"30:53.6";3;0;0
"men";"110 metres hurdles";"William Porter";"USA";"united kingdoms";"london";1948;8;4;"13.9";1;0;1
"men";"110 metres hurdles";"Clyde Scott";"USA";"united kingdoms";"london";1948;8;4;"14.1";2;0;0
"men";"110 metres hurdles";"Craig Dixon";"USA";"united kingdoms";"london";1948;8;4;"14.1";3;0;0
"men";"400 metres hurdles";"Roy Cochran";"USA";"united kingdoms";"london";1948;7;31;"51.1";1;0;1
"men";"400 metres hurdles";"Duncan White";"CEY";"united kingdoms";"london";1948;7;31;"51.8";2;0;0
"men";"400 metres hurdles";"Rune Larsson";"SWE";"united kingdoms";"london";1948;7;31;"52.2";3;0;0
"men";"3000 metres steeplechase";"Tore Sjöstrand";"SWE";"united kingdoms";"london";1948;8;5;"9:04.6";1;0;0
"men";"3000 metres steeplechase";"Erik Elmsäter";"SWE";"united kingdoms";"london";1948;8;5;"9:08.2";2;0;0
"men";"3000 metres steeplechase";"Göte Hagström";"SWE";"united kingdoms";"london";1948;8;5;"9:11.8";3;0;0
"men";"Marathon";"Delfo Cabrera";"ARG";"united kingdoms";"london";1948;8;7;"2:34:51.6";1;0;0
"men";"Marathon";"Tom Richards";"GBR";"united kingdoms";"london";1948;8;7;"2:35:07.6";2;0;0
"men";"Marathon";"Etienne Gailly";"BEL";"united kingdoms";"london";1948;8;7;"2:35:33.6";3;0;0
"men";"10 kilometres walk";"John Mikaelsson";"SWE";"united kingdoms";"london";1948;8;7;"45:13.2";1;0;0
"men";"10 kilometres walk";"Ingemar Johansson";"SWE";"united kingdoms";"london";1948;8;7;"45:43.8";2;0;0
"men";"10 kilometres walk";"Fritz Schwab";"SUI";"united kingdoms";"london";1948;8;7;"46:00.2";3;0;0
"men";"50 kilometres walk";"John Ljunggren";"SWE";"united kingdoms";"london";1948;7;31;"4:41:52";1;0;0
"men";"50 kilometres walk";"Gaston Godel";"SUI";"united kingdoms";"london";1948;7;31;"4:48:17";2;0;0
"men";"50 kilometres walk";"Tebbs Lloyd Johnson";"GBR";"united kingdoms";"london";1948;7;31;"4:48:31";3;0;0
"men";"High jump";"John Winter";"AUS";"united kingdoms";"london";1948;7;30;"1.98";1;0;0
"men";"High jump";"Bjørn Paulson";"NOR";"united kingdoms";"london";1948;7;30;"1.95";2;0;0
"men";"High jump";"George Stanich";"USA";"united kingdoms";"london";1948;7;30;"1.95";3;0;0
"men";"Pole vault";"Guinn Smith";"USA";"united kingdoms";"london";1948;8;2;"4.30";1;0;0
"men";"Pole vault";"Erkki Kataja";"FIN";"united kingdoms";"london";1948;8;2;"4.20";2;0;0
"men";"Pole vault";"Robert Richards";"USA";"united kingdoms";"london";1948;8;2;"4.20";3;0;0
"men";"Long jump";"Willie Steele";"USA";"united kingdoms";"london";1948;7;31;"7.825";1;0;0
"men";"Long jump";"Theo Bruce";"AUS";"united kingdoms";"london";1948;7;31;"7.55";2;0;0
"men";"Long jump";"Herbert Douglas";"USA";"united kingdoms";"london";1948;7;31;"7.54";3;0;0
"men";"Triple jump";"Arne Åhman";"SWE";"united kingdoms";"london";1948;8;3;"15.40";1;0;0
"men";"Triple jump";"Gordon George Avery";"AUS";"united kingdoms";"london";1948;8;3;"15.36";2;0;0
"men";"Triple jump";"Ruhi Sarialp";"TUR";"united kingdoms";"london";1948;8;3;"15.02";3;0;0
"men";"Shot put";"Wilbur Thompson";"USA";"united kingdoms";"london";1948;8;3;"17.12";1;0;1
"men";"Shot put";"Jim Delaney";"USA";"united kingdoms";"london";1948;8;3;"16.68";2;0;0
"men";"Shot put";"Jim Fuchs";"USA";"united kingdoms";"london";1948;8;3;"16.42";3;0;0
"men";"Discus throw";"Adolfo Consolini";"ITA";"united kingdoms";"london";1948;8;2;"52.78";1;0;1
"men";"Discus throw";"Giuseppe Tosi";"ITA";"united kingdoms";"london";1948;8;2;"51.78";2;0;0
"men";"Discus throw";"Fortune Gordien";"USA";"united kingdoms";"london";1948;8;2;"50.77";3;0;0
"men";"Hammer throw";"Imre Németh";"HUN";"united kingdoms";"london";1948;7;31;"56.07";1;0;0
"men";"Hammer throw";"Ivan Gubijan";"YUG";"united kingdoms";"london";1948;7;31;"54.27";2;0;0
"men";"Hammer throw";"Robert Bennett";"USA";"united kingdoms";"london";1948;7;31;"53.73";3;0;0
"men";"Javelin throw";"Tapio Rautavaara";"FIN";"united kingdoms";"london";1948;8;4;"69.77";1;0;0
"men";"Javelin throw";"Steve Seymour";"USA";"united kingdoms";"london";1948;8;4;"67.56";2;0;0
"men";"Javelin throw";"József Várszegi";"HUN";"united kingdoms";"london";1948;8;4;"67.03";3;0;0
"women";"100 metres";"Fanny BlankersKoen";"NED";"united kingdoms";"london";1948;7;31;"11.9";1;0;0
"women";"100 metres";"Dorothy Manley";"GBR";"united kingdoms";"london";1948;7;31;"12.2";2;0;0
"women";"100 metres";"Shirley Strickland";"AUS";"united kingdoms";"london";1948;7;31;"12.2";3;0;0
"women";"200 metres";"Fanny BlankersKoen";"NED";"united kingdoms";"london";1948;8;6;"24.4";1;0;1
"women";"200 metres";"Audrey Williamson";"GBR";"united kingdoms";"london";1948;8;6;"25.1";2;0;0
"women";"200 metres";"Audrey Patterson";"USA";"united kingdoms";"london";1948;8;6;"25.2";3;0;0
"women";"High jump";"Alice Coachman";"USA";"united kingdoms";"london";1948;8;7;"1.68";1;0;1
"women";"High jump";"Dorothy Tyler Odam";"GBR";"united kingdoms";"london";1948;8;7;"1.68";2;0;1
"women";"High jump";"Micheline Ostermeyer";"FRA";"united kingdoms";"london";1948;8;7;"1.61";3;0;0
"women";"Long jump";"Olga Gyarmati";"HUN";"united kingdoms";"london";1948;8;4;"5.695";1;0;1
"women";"Long jump";"Noemí Simonetto de Portela";"ARG";"united kingdoms";"london";1948;8;4;"5.60";2;0;0
"women";"Long jump";"AnnBritt Leyman";"SWE";"united kingdoms";"london";1948;8;4;"5.575";3;0;0
"women";"Shot put";"Micheline Ostermeyer";"FRA";"united kingdoms";"london";1948;8;4;"13.75";1;0;1
"women";"Shot put";"Amelia Piccinini";"ITA";"united kingdoms";"london";1948;8;4;"13.09";2;0;0
"women";"Shot put";"Ine Schäffer";"AUT";"united kingdoms";"london";1948;8;4;"13.08";3;0;0
"women";"Discus throw";"Micheline Ostermeyer";"FRA";"united kingdoms";"london";1948;7;30;"41.92";1;0;0
"women";"Discus throw";"Edera Cordiale";"ITA";"united kingdoms";"london";1948;7;30;"41.17";2;0;0
"women";"Discus throw";"Jacqueline Mazeas";"FRA";"united kingdoms";"london";1948;7;30;"40.47";3;0;0
"women";"Javelin throw";"Herma Bauma";"AUT";"united kingdoms";"london";1948;7;31;"45.57";1;0;1
"women";"Javelin throw";"Kaisa Parviainen";"FIN";"united kingdoms";"london";1948;7;31;"43.79";2;0;0
"women";"Javelin throw";"Lily Carlstedt";"DEN";"united kingdoms";"london";1948;7;31;"42.08";3;0;0
"men";"100 metres";"Lindy Remigino";"USA";"finland";"helsinki";1952;7;21;"10.4";1;0;0
"men";"100 metres";"Herb McKenley";"JAM";"finland";"helsinki";1952;7;21;"10.4";2;0;0
"men";"100 metres";"McDonald Bailey";"GBR";"finland";"helsinki";1952;7;21;"10.4";3;0;0
"men";"200 metres";"Andy Stanfield";"USA";"finland";"helsinki";1952;7;23;"20.7";1;0;0
"men";"200 metres";"Thane Baker";"USA";"finland";"helsinki";1952;7;23;"20.8";2;0;0
"men";"200 metres";"James Gathers";"USA";"finland";"helsinki";1952;7;23;"20.8";3;0;0
"men";"400 metres";"George Rhoden";"JAM";"finland";"helsinki";1952;7;25;"45.9";1;0;1
"men";"400 metres";"Herb McKenley";"JAM";"finland";"helsinki";1952;7;25;"45.9";2;0;0
"men";"400 metres";"Ollie Matson";"USA";"finland";"helsinki";1952;7;25;"46.8";3;0;0
"men";"800 metres";"Mal Whitfield";"USA";"finland";"helsinki";1952;7;22;"1:49.2";1;0;0
"men";"800 metres";"Arthur Wint";"JAM";"finland";"helsinki";1952;7;22;"1:49.4";2;0;0
"men";"800 metres";"Heinz Ulzheimer";"GER";"finland";"helsinki";1952;7;22;"1:49.7";3;0;0
"men";"1500 metres";"Josy Barthel";"LUX";"finland";"helsinki";1952;7;26;"3:45.2";1;0;1
"men";"1500 metres";"Bob McMillen";"USA";"finland";"helsinki";1952;7;26;"3:45.2";2;0;0
"men";"1500 metres";"Werner Lueg";"GER";"finland";"helsinki";1952;7;26;"3:45.4";3;0;0
"men";"5000 metres";"Emil Zátopek";"TCH";"finland";"helsinki";1952;7;24;"14:06.6";1;0;1
"men";"5000 metres";"Alain Mimoun";"FRA";"finland";"helsinki";1952;7;24;"14:07.4";2;0;0
"men";"5000 metres";"Herbert Schade";"GER";"finland";"helsinki";1952;7;24;"14:08.6";3;0;0
"men";"10,000 metres";"Emil Zátopek";"TCH";"finland";"helsinki";1952;7;20;"29:17.0";1;0;1
"men";"10,000 metres";"Alain Mimoun";"FRA";"finland";"helsinki";1952;7;20;"29:32.8";2;0;0
"men";"10,000 metres";"Aleksandr Anufriyev";"URS";"finland";"helsinki";1952;7;20;"29:48.2";3;0;0
"men";"110 metres hurdles";"Harrison Dillard";"USA";"finland";"helsinki";1952;7;24;"13.7";1;0;1
"men";"110 metres hurdles";"Jack Davis";"USA";"finland";"helsinki";1952;7;24;"13.7";2;0;1
"men";"110 metres hurdles";"Arthur Barnard";"USA";"finland";"helsinki";1952;7;24;"14.1";3;0;0
"men";"400 metres hurdles";"Charles Moore";"USA";"finland";"helsinki";1952;7;21;"50.8";1;0;1
"men";"400 metres hurdles";"Yuriy Lituyev";"URS";"finland";"helsinki";1952;7;21;"51.3";2;0;0
"men";"400 metres hurdles";"John Holland";"NZL";"finland";"helsinki";1952;7;21;"52.2";3;0;0
"men";"3000 metres steeplechase";"Horace Ashenfelter";"USA";"finland";"helsinki";1952;7;25;"8:45.4";1;0;1
"men";"3000 metres steeplechase";"Vladimir Kazantsev";"URS";"finland";"helsinki";1952;7;25;"8:51.6";2;0;0
"men";"3000 metres steeplechase";"John Disley";"GBR";"finland";"helsinki";1952;7;25;"8:51.8";3;0;0
"men";"Marathon";"Emil Zátopek";"TCH";"finland";"helsinki";1952;7;27;"2:23:03";1;0;1
"men";"Marathon";"Reinaldo Gorno";"ARG";"finland";"helsinki";1952;7;27;"2:25:35";2;0;0
"men";"Marathon";"Gustaf Jansson";"SWE";"finland";"helsinki";1952;7;27;"2:26:07";3;0;0
"men";"10 kilometres walk";"John Mikaelsson";"SWE";"finland";"helsinki";1952;7;27;"45:02.8";1;0;1
"men";"10 kilometres walk";"Fritz Schwab";"SUI";"finland";"helsinki";1952;7;27;"45:41.0";2;0;0
"men";"10 kilometres walk";"Bruno Junk";"URS";"finland";"helsinki";1952;7;27;"45:41.0";3;0;0
"men";"50 kilometres walk";"Giuseppe Dordoni";"ITA";"finland";"helsinki";1952;7;21;"4:28:07.8";1;0;1
"men";"50 kilometres walk";"Josef Doležal";"TCH";"finland";"helsinki";1952;7;21;"4:30:17.8";2;0;0
"men";"50 kilometres walk";"Antal Róka";"HUN";"finland";"helsinki";1952;7;21;"4:31:27.2";3;0;0
"men";"High jump";"Walt Davis";"USA";"finland";"helsinki";1952;7;20;"2.04";1;0;1
"men";"High jump";"Ken Wiesner";"USA";"finland";"helsinki";1952;7;20;"2.01";2;0;0
"men";"High jump";"José da Conceição";"BRA";"finland";"helsinki";1952;7;20;"1.98";3;0;0
"men";"Pole vault";"Bob Richards";"USA";"finland";"helsinki";1952;7;22;"4.55";1;0;1
"men";"Pole vault";"Don Laz";"USA";"finland";"helsinki";1952;7;22;"4.50";2;0;0
"men";"Pole vault";"Ragnar Lundberg";"SWE";"finland";"helsinki";1952;7;22;"4.40";3;0;0
"men";"Long jump";"Jerome Biffle";"USA";"finland";"helsinki";1952;7;21;"7.57";1;0;0
"men";"Long jump";"Meredith Gourdine";"USA";"finland";"helsinki";1952;7;21;"7.53";2;0;0
"men";"Long jump";"Ödön Földessy";"HUN";"finland";"helsinki";1952;7;21;"7.30";3;0;0
"men";"Triple jump";"Adhemar da Silva";"BRA";"finland";"helsinki";1952;7;23;"16.22";1;1;1
"men";"Triple jump";"Leonid Shcherbakov";"URS";"finland";"helsinki";1952;7;23;"15.98";2;0;0
"men";"Triple jump";"Asnoldo Devonish";"VEN";"finland";"helsinki";1952;7;23;"15.52";3;0;0
"men";"Shot put";"Parry O'Brien";"USA";"finland";"helsinki";1952;7;21;"17.41";1;0;1
"men";"Shot put";"Darrow Hooper";"USA";"finland";"helsinki";1952;7;21;"17.39";2;0;0
"men";"Shot put";"Jim Fuchs";"USA";"finland";"helsinki";1952;7;21;"17.06";3;0;0
"men";"Discus throw";"Sim Iness";"USA";"finland";"helsinki";1952;7;22;"55.03";1;0;1
"men";"Discus throw";"Adolfo Consolini";"ITA";"finland";"helsinki";1952;7;22;"53.78";2;0;0
"men";"Discus throw";"James Dillion";"USA";"finland";"helsinki";1952;7;22;"53.28";3;0;0
"men";"Hammer throw";"József Csermák";"HUN";"finland";"helsinki";1952;7;24;"60.34";1;1;1
"men";"Hammer throw";"Karl Storch";"GER";"finland";"helsinki";1952;7;24;"58.86";2;0;0
"men";"Hammer throw";"Imre Németh";"HUN";"finland";"helsinki";1952;7;24;"57.74";3;0;0
"men";"Javelin throw";"Cy Young";"USA";"finland";"helsinki";1952;7;24;"73.78";1;0;1
"men";"Javelin throw";"Bill Miller";"USA";"finland";"helsinki";1952;7;24;"72.46";2;0;0
"men";"Javelin throw";"Toivo Hyytiäinen";"FIN";"finland";"helsinki";1952;7;24;"71.89";3;0;0
"women";"100 metres";"Marjorie Jackson";"AUS";"finland";"helsinki";1952;7;22;"11.5";1;0;0
"women";"100 metres";"Daphne Hasenjager";"RSA";"finland";"helsinki";1952;7;22;"11.8";2;0;0
"women";"100 metres";"Shirley Strickland";"AUS";"finland";"helsinki";1952;7;22;"11.9";3;0;0
"women";"200 metres";"Marjorie Jackson";"AUS";"finland";"helsinki";1952;7;26;"23.7";1;0;0
"women";"200 metres";"Bertha Brouwer";"NED";"finland";"helsinki";1952;7;26;"24.2";2;0;0
"women";"200 metres";"Nadezhda KhnykinaDvalishvili";"URS";"finland";"helsinki";1952;7;26;"24.2";3;0;0
"women";"High jump";"Esther Brand";"RSA";"finland";"helsinki";1952;7;27;"1.67";1;0;0
"women";"High jump";"Sheila Lerwill";"GBR";"finland";"helsinki";1952;7;27;"1.65";2;0;0
"women";"High jump";"Aleksandra Chudina";"URS";"finland";"helsinki";1952;7;27;"1.63";3;0;0
"women";"Long jump";"Yvette Williams";"NZL";"finland";"helsinki";1952;7;23;"6.24";1;0;1
"women";"Long jump";"Aleksandra Chudina";"URS";"finland";"helsinki";1952;7;23;"6.14";2;0;0
"women";"Long jump";"Shirley Cawley";"GBR";"finland";"helsinki";1952;7;23;"5.92";3;0;0
"women";"Shot put";"Galina Zybina";"URS";"finland";"helsinki";1952;7;26;"15.28";1;1;1
"women";"Shot put";"Marianne Werner";"GER";"finland";"helsinki";1952;7;26;"14.57";2;0;0
"women";"Shot put";"Klavdiya Tochonova";"URS";"finland";"helsinki";1952;7;26;"14.50";3;0;0
"women";"Discus throw";"Nina Ponomaryova";"URS";"finland";"helsinki";1952;7;20;"51.42";1;0;1
"women";"Discus throw";"Yelizaveta Bagryantseva";"URS";"finland";"helsinki";1952;7;20;"47.08";2;0;0
"women";"Discus throw";"Nina Dumbadze";"URS";"finland";"helsinki";1952;7;20;"46.29";3;0;0
"women";"Javelin throw";"Dana Zátopková";"TCH";"finland";"helsinki";1952;7;24;"50.47";1;0;1
"women";"Javelin throw";"Aleksandra Chudina";"URS";"finland";"helsinki";1952;7;24;"50.01";2;0;0
"women";"Javelin throw";"Yelena Gorchakova";"URS";"finland";"helsinki";1952;7;24;"49.76";3;0;0
